source_id,source_type,organization,title,publication_date,accessed_date,url,geography,scenario_tags,verified_fact,decision_use,evidence_strength,notes
SRC01,Government policy,National Development and Reform Commission,"Statistical Classification of the Low-altitude Economy and Its Core Industries (Trial)",2025-12-22,2026-09-13,https://zfxxgk.ndrc.gov.cn/wap/iteminfo.jsp?id=20580,China,"All scenarios","The classification was issued to define the concept, scope, and industry boundaries of the low-altitude economy.",Defines the analysis boundary,High,Official national policy
SRC02,Government policy,"National Development and Reform Commission; National Financial Regulatory Administration; Civil Aviation Administration of China","Implementation Opinions on Promoting High-quality Development of Low-altitude Insurance",2026-01-28,2026-09-13,https://zfxxgk.ndrc.gov.cn/web/iteminfo.jsp?id=20606,China,"Inspection; logistics; passenger mobility; governance; emergency; medical; tourism; digital services","The policy lists major application scenarios and calls for insurance, data standards, risk monitoring, and information-platform connections.",Supports scenario coverage and regulatory-risk criteria,High,Official national policy
SRC03,Government statistics,Civil Aviation Administration of China,Statistical Bulletin of Civil Aviation Industry Development in 2025,2026-04-22,2026-09-13,https://www.caac.gov.cn/English/News/202604/t20260422_230642.html,China,"All scenarios; digital services","By end-2025 China had 3.287 million registered drones; annual drone flight hours reached 45.3029 million; 46 low-altitude flight service stations covered 23 provincial-level regions.",Shows operating scale and infrastructure growth,High,Official industry statistics
SRC04,Government speech,Civil Aviation Administration of China,Promoting Healthy and Orderly Development of the Low-altitude Economy,2026-05-27,2026-09-13,https://www.caac.gov.cn/PHONE/XWZX/MHYW/202605/t20260527_230925.html,China,"All scenarios","CAAC reported more than 3.8 million registered drones and over 430000 operators by March 2026; 2025 drone flight hours were 45.3 million.",Current scale and regulatory framing,High,Official regulator statement
SRC05,Company operating page,Meituan,Technology: Drone Delivery,n.d.,2026-09-13,https://www.meituan.com/technology,China and selected overseas markets,Urban instant delivery,"As of July 2026 Meituan reported more than one million drone delivery orders; more than 1500 merchant brands; and 65 urban routes.",Validates consumer-delivery operations at meaningful scale,Medium-High,Company-reported operating figures
SRC06,Company case,JD.com,JD.com’s Drone Delivery Program Takes Flight in Rural China,2016-11-11,2026-09-13,https://jdcorporateblog.com/jd-coms-drone-delivery-program-takes-flight-in-rural-china/,China,"Logistics; medical and emergency logistics","JD described rural drone routes; thousands of test flights; five models; more than 30 drones; package capacity of 5–15 kg; and distance up to 50 km.",Shows platform logistics integration and constrained-route value,Medium,Historic company case; not current scale
SRC07,Company profile,EHang,Investor Relations Corporate Profile,n.d.,2026-09-13,https://ir.ehang.com/,Global,"Tourism and passenger mobility; logistics; urban governance","EHang describes certified pilotless eVTOL products and solutions for passenger transport, logistics, smart-city management, and aerial media.",Shows passenger-mobility commercialization direction,Medium,Company positioning; not independent market validation
SRC08,Company report,SF Holding,2024 Sustainability Report,2025,2026-09-13,https://ir.sf-express.com/,China,"Logistics; digital services","SF identifies unmanned logistics and technology-led logistics initiatives in its sustainability reporting.",Adds logistics-operator evidence,Medium,Landing page may require direct report download

